{
"meta":{"test_sets":[],"test_metrics":[],"learn_metrics":[{"best_value":"Min","name":"Logloss"}],"launch_mode":"Train","parameters":"","iteration_count":47,"learn_sets":["learn"],"name":"experiment"},
"iterations":[
{"learn":[0.648516422],"iteration":0,"passed_time":0.1678778913,"remaining_time":7.722382998},
{"learn":[0.606158613],"iteration":1,"passed_time":0.1795164245,"remaining_time":4.03911955},
{"learn":[0.5707991015],"iteration":2,"passed_time":0.1892828744,"remaining_time":2.776148825},
{"learn":[0.5413090438],"iteration":3,"passed_time":0.200642418,"remaining_time":2.156905994},
{"learn":[0.5168646607],"iteration":4,"passed_time":0.2123937823,"remaining_time":1.784107772},
{"learn":[0.4961907747],"iteration":5,"passed_time":0.2238707227,"remaining_time":1.529783272},
{"learn":[0.4792049714],"iteration":6,"passed_time":0.2363575561,"remaining_time":1.350614607},
{"learn":[0.4648099937],"iteration":7,"passed_time":0.2478275576,"remaining_time":1.208159344},
{"learn":[0.4533446579],"iteration":8,"passed_time":0.2594123661,"remaining_time":1.095296657},
{"learn":[0.4430903591],"iteration":9,"passed_time":0.27147452,"remaining_time":1.004455724},
{"learn":[0.4324683742],"iteration":10,"passed_time":0.283766528,"remaining_time":0.9286904553},
{"learn":[0.4240783252],"iteration":11,"passed_time":0.2953717688,"remaining_time":0.8615009923},
{"learn":[0.4157197587],"iteration":12,"passed_time":0.3059569504,"remaining_time":0.8001951011},
{"learn":[0.4088807497],"iteration":13,"passed_time":0.3167198648,"remaining_time":0.7465539669},
{"learn":[0.402759526],"iteration":14,"passed_time":0.3290468162,"remaining_time":0.7019665411},
{"learn":[0.3970770624],"iteration":15,"passed_time":0.3407615688,"remaining_time":0.6602255396},
{"learn":[0.3923745242],"iteration":16,"passed_time":0.3528145058,"remaining_time":0.6226138338},
{"learn":[0.388276351],"iteration":17,"passed_time":0.3648536689,"remaining_time":0.5878197999},
{"learn":[0.3843348134],"iteration":18,"passed_time":0.3752502208,"remaining_time":0.5530003254},
{"learn":[0.3812927684],"iteration":19,"passed_time":0.3875260355,"remaining_time":0.5231601479},
{"learn":[0.3785663022],"iteration":20,"passed_time":0.4044908032,"remaining_time":0.5007981373},
{"learn":[0.3759130339],"iteration":21,"passed_time":0.4227047671,"remaining_time":0.4803463262},
{"learn":[0.3720523873],"iteration":22,"passed_time":0.4382897236,"remaining_time":0.4573457985},
{"learn":[0.3685886304],"iteration":23,"passed_time":0.4527931971,"remaining_time":0.4339268139},
{"learn":[0.3666455751],"iteration":24,"passed_time":0.4633618057,"remaining_time":0.407758389},
{"learn":[0.3642542604],"iteration":25,"passed_time":0.4763781163,"remaining_time":0.3847669401},
{"learn":[0.3615785304],"iteration":26,"passed_time":0.4890756636,"remaining_time":0.3622782694},
{"learn":[0.3600260001],"iteration":27,"passed_time":0.5026326936,"remaining_time":0.3410721849},
{"learn":[0.3580884156],"iteration":28,"passed_time":0.5143926976,"remaining_time":0.3192782261},
{"learn":[0.3557834981],"iteration":29,"passed_time":0.5279035052,"remaining_time":0.2991453196},
{"learn":[0.3543894664],"iteration":30,"passed_time":0.5424066416,"remaining_time":0.279951815},
{"learn":[0.3521646375],"iteration":31,"passed_time":0.5551518267,"remaining_time":0.2602274187},
{"learn":[0.3512684876],"iteration":32,"passed_time":0.5658813385,"remaining_time":0.2400708709},
{"learn":[0.349970542],"iteration":33,"passed_time":0.578161258,"remaining_time":0.2210616575},
{"learn":[0.3492073679],"iteration":34,"passed_time":0.590905478,"remaining_time":0.2025961639},
{"learn":[0.3486107118],"iteration":35,"passed_time":0.6039405944,"remaining_time":0.1845374038},
{"learn":[0.3478461528],"iteration":36,"passed_time":0.6218762373,"remaining_time":0.1680746587},
{"learn":[0.3471712289],"iteration":37,"passed_time":0.6337270634,"remaining_time":0.1500932519},
{"learn":[0.3463214003],"iteration":38,"passed_time":0.6446677536,"remaining_time":0.1322395392},
{"learn":[0.3446130376],"iteration":39,"passed_time":0.657206234,"remaining_time":0.1150110909},
{"learn":[0.3436960482],"iteration":40,"passed_time":0.6714792639,"remaining_time":0.09826525814},
{"learn":[0.3422705914],"iteration":41,"passed_time":0.6998581274,"remaining_time":0.08331644374},
{"learn":[0.3418429793],"iteration":42,"passed_time":0.7147827197,"remaining_time":0.06649141578},
{"learn":[0.3411689475],"iteration":43,"passed_time":0.7270785348,"remaining_time":0.04957353647},
{"learn":[0.3404499492],"iteration":44,"passed_time":0.7401237045,"remaining_time":0.03289438687},
{"learn":[0.3395201083],"iteration":45,"passed_time":0.7520043063,"remaining_time":0.0163479197},
{"learn":[0.3390459379],"iteration":46,"passed_time":0.7634561594,"remaining_time":0}
]}